acct_code, PV, n, r,FV
1.0,1000.0,10.0,0.07,1182.7623403654688
2.0,1000.0,7.0,0.17,1424.0501955970717
30.0,1600.0,5.0,0.03,1688.3579228887488
401.0,12300.0,3.0,0.07,13553.432925282312
53.0,1933.4,4.0,0.04,2061.9613212656577
68.0,400003.03,8.0,0.056,452377.3598322009
